{
    "language": "cn",
    "questions": [
      {
        "id": 1,
        "question": {
          "en": "Your opinion is important to us. Thank you for your participation.",
          "cn": "您的意见对我们很重要。感谢您的参与。"
        },
        "answers": {
          "en": [],
          "cn": []
        }
      },
      {
        "id": 2,
        "question": {
          "en": "Approximately how much of your income are you able to <b>save every month after expenses?</b>",
          "cn": "你每个月的收入在各种支出后还能存下多少？"
        },
        "answers": {
          "en": [
            "Nothing",
            "Less than 10% of my income",
            "Less than 25% of my income",
            "More than 25% of my income"
          ],
          "cn": [
            "没有剩余",
            "少于我收入的10%",
            "少于我收入的25%",
            "多于我收入的25%"
          ]
        }
      },
      {
        "id": 3,
        "question": {
          "en": "My top priority is saving up for:",
          "cn": "我储蓄的首要目的是为了："
        },
        "answers": {
          "en": [
            "A vacation",
            "House / Car",
            "Emergencies",
            "Retirement",
            "Luxury Goods"
          ],
          "cn": [
            "假期",
            "住房/汽车",
            "紧急事件",
            "退休",
            "奢侈品"
          ]
        }
      },
      {
        "id": 4,
        "question": {
          "en": "How do you do most of your shopping?",
          "cn": "你多数如何购物？"
        },
        "answers": {
          "en": [
            "Search online, <br>then buy in store",
            "Search in store, <br>then buy online",
            "Typically buy in store",
            "Typically buy online"
          ],
          "cn": [
            "在网上搜索，然后在商店里购买",
            "在商店里搜索，然后在网上购买",
            "通常在商店里购买",
            "通常在网上购买"
          ]
        }
      },
      {
        "id": 5,
        "question": {
          "en": "Thank you",
          "cn": "谢谢"
        },
        "answers": {
          "en": [],
          "cn": []
        }
      }
    ]
  }